intention,german_words,english_words,category,sentiment,valence
offering,brot; opfer; tausend an; bier; totenopfer; fleisch; wein; weihrauch; geflügel; kuchen; rind; brote; nahrung; salböl; speisen; rinder; königsopfer; wasserspende; rindern; gottesopfer; opfergaben; opfergabe; festduftöl; fleischstück; opferplatte; speise; salbe; opfern; libation; opferspeisen; speisezeltes; geopfert; spenden; opfers; rindes; fleischstücke; opfergefilde; brothälften; darbringen; brustfleisch; spende; weihrauchfeuer; opferspende; gottesopfers; opfertisch; beräuchert; weizenspeise; räucherung; opferkuchen; opferbedarf; opfert; totenopfers; wasserspenden; weihrauchharz; spendet; ausgießen; rinderfett; rippenfleisch; fleisches; libationsgefäß; opferspeise; fleischknochen; opferbrot; festopfer; opferständers; broten; opfere; speisenbedarf; opferumlauf; opferständer; bierart; jahresopfer; opferbrote; langhornrinder; gespendet; balsam; umlaufopfer; brotes; opfergefildes; opfertafel; abendopfer; trankopferspender; räuchern; weinkrug; opferausstattung; opferausschüttung; geflügels; abendopfers; kurzhornrindern; rindfleisch; weihen; brandopfer; bieres; opferbroten; hofopfer; fleischopfer; napfkuchen; opferspenden; libationen; weihrauchs; schlachtopfer; opferplatten; eingeweihter; kurzhornrinder; opfertisches; langhornrindern; opferfelder; getreidespeise; räucherwerk; speiseopfer; qebehut; opferbringer; doppelkuchen; invokationsopfer; räuchermittel; nahrungsmittel; speisebedarf; opferbereiter; räucherarm; morgenopfer; opfergefilden; gottesopfern; opferaltars; opferbereitern; opfertische; biere; brotfladen; geflügelfett; weihräuchern; geräuchert; opfermahl; speisetisch; jahresopfers; opferte; darbringens; beweihräuchern; opferliste; fleischstücks; opferrind; opferfleisch; speisenhaus; spendete; räuchert; opferstein; opferfest; weihrauchkörner; todgeweiht; räuchergefäß; sumpfgeflügels; opferstiftungen; rindfleischstück; opferträger; totenopfern; salbung; eingeweiht; wasserspender; räuchermeister; sumpfgeflügel; rotwein; opferbedarfs; bierkrug; opferstelle; umlaufopfers; opferaltar; fleischstücken; rinds; räucherpfanne; opferrationen; opferschale; speiseopfern; extraopfer; brotteig; wasser spenden; invokationsopfers; opferfleischs; brotform; fleischteile; speisetischen; rinderschenkel; opferherren; opferempfänger; opferns; beräuchere; flammenweihrauch; spendest; grillfleisch; wasserspenderin; bierhaus; brothälfte; opferung; jahresfestopfer; königstotenopfer; beräuchern; weihrauchkugeln; kornspende; dörrfleisch; rinderkopfes; opferverzeichnis; geweihten; libations; räucherarme; gebopfer; rinderfleischstück; opfergeschenke; weihrauchständer; opfertischblätter; nahrungsration; räuchergerät; libationswasser; kugelweihrauch; doppelkönigsopfer; mastgeflügel; opferherr; wildgeflügel; opferaltäre; libationsgefäße; nahrungsmitteln; nahrungsmittelversorgung; wasserlibation; brotteigs; königsdoppelopfer; opfergötter; opfernd; opferplatz; opferformel; brotnäpfe; fleischteil; jungrindern; festopfers; opferträgers; opfergabenschau; speiseopfers; jahropfer; räucherarms; libationsgefäßes; beweihräuchert; opferer; speisetisches; feuerweihrauch; königsopfers; rippenfleischstück; geweiht; jahropfers; speisenhügel; jahresfestopfers; opferstücke; bieropfer; opfervieh; opfertafeln; nahrungen; räuchernapfes; opfergottgefilden; rinderkeule; spender; napftragekuchen; libationsweihrauch; daueropfer; bierkrüg; opfergabenkrüge; opfervollziehern; fleischeinkünfte; opferritual; blumenopfer; fleischteiles; weihopfer; opferfeld; beräucherst; opferkammer; opferbrotes; räucherwerkes; täglich opfer; opferbringerinnen; opferfeuer; opfersteinen; rindermilch; fleischfett; weihräucherung; opfergeschäft; brandopfern; erntespende; weizenspeisen; reinigungsopfer; opferherrin; speisezelts; opfertafelträger; todgeweihten; lebensspender; gottesopferritual; zugeweiht; opferrituals; weihrauchholz; opfergut; fleischportion; libationspriesters; opferstier; opferumlaufs; opferstadt; weihrauchiges; festopfern; opferbecken; libationskrüge; brotmehls; rinde; spendenbestand; brandopferbecken; rindertalgs; weihrauchgefäß; fleischs; weihend; zusatzopfer; räucherer; räuchermitteln; opfergeber; räuchernäpfe; trankopfer; opferst; duftwasserspende; brandopfers; opferhalle; opfergottes; rindsteil; dattelkuchen; libationsspenden; duftöl; rinderart; opferstrauß; schenkelfleisch; speisezuwendungen; opferfladen; natronspenden; getreidespeisen; opferfleisches; räucherns; opferschalen; opferdienste; getränkeopferkrüge; opfermahls; gottesspende; speisenzuteilung; hekatombopfer; nierenfleisch; verspeisen; speisebedarfs; nahrungsspende; weihrauchkasten; opferbringens; opferkrüge; opferhandlung; libationsopfer; opfersachen; rindsart; lobpreisspender; rindertalgkrug; opferfleischträger; räuchernder; trankspende; biers; opferten; brotopfer; senetjeri; fleischportionen; brotbedarf; bierkrüge; brots; opfervase; opfersache; speiselieferungen; eingeweihten; brotrationen; kornspenden; rinderleber; weihräuchernd; brustfleisches; bieren; beweihräucherung; opferanteilen; broteinkünfte; mastgeflügels; räuchere; brotlaibe; tägliches opfer; rippchenfleisch; frühstückskuchen; opfertiere; königsopfern; fleischspeise; kultopfer; opferspeisem; opferaltären; opferbett; mastrinder,altar gift; anoint; anointing oil; balm; beer; bread; bread and beer; burn incense; burning of incense; cakes; cattle; censer; censing; cool water; daily food rite; daily offering; daily provision; daily rite; daily ritual; dedicate; dedication; drink; drink offering; everyday offering; food and drink; food and drink for the gods; food offering; fowl; fragrance offering; fragrant unguent; frankincense; fumigation; gift to the gods; grain offering; grape wine; incense; incense burner; jar of wine; joints of meat; libation; libation of wine; libation vessel; loaves; make an offering; meal for the dead; meat; myrrh; myrrh oil; oblation; offer; offer up; offering; offering of food; offering of incense; offering of wine; offering table; offerings; oil; ointment; oxen; perfumed offering; perfumed oil; perpetual offering; poultry; pour a libation; pour water; pouring out water; pouring wine; present; present offerings; provisions; rations; regular offering; sacred oil; sacrifice; seven sacred oils; sprinkling water; sustenance; sweet smoke; the daily cult offering; unguent; vintage; votive offering; water for the spirit; water offering; water poured for the dead; wine; wine jar; wine offering,cultic_religious,positive,0.4
prayer_adoration,lobpreis; preisen; anbeten; beten; gepriesen; loben; beschwörung; verehrungswürdige; verehren; ehrfurcht; erbitten; verehrungswürdigen; huldigung; anbetung; verehrung; gesang; lob; betet; erbittet; preise; erbeten; lobpreisungen; lobpreisen; angebetet; anrufen; huldigen; bittet; gepriesenen; lobpreisung; gepriesener; flehen; verehrungswürdiger; gebeten; betete; beschwören; anbete; verehrungswürdiges; anzuflehen; anzubeten; gebet; preisende; huldigungsgeschenk; lobpreises; ehrfurchtsvoll; anflehen; erflehen; anbetet; beschwörungen; preisung; huldigend; preisender; betende; preisend; flehentlich; huldigungen; verehrungen; lobpreisende; anfleht; gebete; gesangs; beschwörer; verehrend; preisgebet; gepriesene; flehte; huldigens; anbetend; verehrenden; anrufung; lobgesangs; verehrungswürdigsten; lobpreisspender; hymnen; lobpreist; anbeteten; erfleht; flehenden; lobeshymne; anrufungen; getreuen; beschwöre; anbetenden; treuebezeugung; lobpreisens; anbeter; anbetern; hymne; beschwörungszauber; herbeirufen; lobpreise; erbittend; gottesanbeterin; flehender; beteten; wassergesang; erbittens; fleht,acclaim; adoration; adore; appeal to god; beseech; bow down; call upon; calling the name; chant; commendation; dedication; devotion; devout; divine embrace; embrace of the deity; embraced by the god; enfolding embrace; entreaty; extol; faithfulness; faithfulness to the god; god embracing the king; homage; hymn; hymn of praise; hymn to the god; intercession; invocation; invoke; invoke the deity; laud; loyalty; petition to the god; piety; pious; plea; plead; praise; praise song; praise the god; pray; prayer; prayer to the gods; psalm; religious devotion; revere; reverence; reverent love; ritual invocation; sacred song; song of praise; summon; summon the god; summoning; supplicate; supplication; venerate; veneration; words of praise; worship; worshipful,cultic_religious,positive,0.5
thanksgiving,dank; danken; dankte; dankt; danksagung; dankbar; dankbarkeit; dankgebet; dankesworte; dankopfer; danksagen; dankfest; erkenntlichkeit; dankerfüllt; dankesschuld; lobpreisender dank,appreciation; give thanks; grateful; grateful heart; grateful praise; gratefulness; gratitude; gratitude to the god; indebtedness; thank the gods; thankful; thankful heart; thankful offering; thankfulness; thanks; thanksgiving,cultic_religious,positive,0.7
purification,gereinigt; reinigen; reinigung; reinheit; unreinheit; reinigungsmittel; gereinigter; läutern; reinigens; reinigungspriester; reinigungsstätte; natronreinigung; reinheitsherrin; reinigungbecken; läuterung; gereinigtem; reinigungszelt; reinigungshäuser; reinigungsgefäße; reinigungskammer; reinigender; reinigungen; gereinigten; reinigungsopfer; reinigungshäusern; reinigungsbassins; reinigungsbecken; reinigungskasten,ablution; ablution rite; cleanse; cleansing; cleansing rite; four times pure; lustration; lustration rite; make pure; natron purification; purification; purification ritual; purified; purify; rite of purification; ritual cleansing; ritual purity; ritual washing; sanctifying with water,cultic_religious,neutral,0.1
consecration_foundation,totenstiftung; gründung; stiftung; gegründet; gründen; stiftungsbruder; weihe; weihen; fundament; eingeweihter; gestiftet; gründet; widmen; gründungen; begründet; stiftungsangehöriger; opferstiftungen; eingeweiht; stiftungsdirektor; stiftungsgutes; weiher; geweiht; stiftungsbrüder; gründer; geweihten; stiftungsvorstehers; gründete; stiftungstotenpriester; gründe; wohlgegründet; pyramidenstiftung; wohlbegründet; weihend; eingeweihten; totenstiftungen; fundamente; begründete; begründung; begründer; stiftungs; stiftungsbruders; fundaments; wohlgegründetes; weihung; fundamenten; zugeweiht; stiftungen; fischgründen; angestiftet,foundation; consecrate; consecration; dedicate; dedication; found a temple; lay the foundation; inaugurate; establish; sanctify; endow; endowment; mortuary foundation; founding ritual; stretching the cord,cultic_religious,positive,0.3
temple_ritual,rituals; ritual; festritual; kultstätte; zeremonien; kultbilder; ritualisten; ritus; abschlußzeremonie; ritualist; kultbild; kultstätten; rituale; kulthandlungen; kultgerät; ritualanweisung; ritualanweisungen; ritualvollzugs; kultgegenstand; kultmesser; mundöffnungsrituals; kultvollzug; aufrichten des djed-pfeilers; ritualfigur; kultbildes; kultes; kultort; kultstatuen; ritualvollzug; aufstellung des djed; opferrituals; abschlußzeremonien; zeremoniell; kultus; zeremonie; opferritual; ritualgestells; kultwesen; ritualhandlungen; apophisritual; kult; kultopfer; kultbildern; kultgeräte; kultobjekte; kultkammer; gottesopferritual; mundöffnungsritual; festrituals; kultstatue,temple ritual; cult ritual; rite; ceremony; cult image; ritual performance; daily cult; ritual recitation; offering ritual; cultic act; ritual instruction; opening ritual; perform the rites,cultic_religious,neutral,0.2
magical_protection,schutz; zauber; schützen; amulett; zauberkraft; beschützen; zauberreiche; beschützer; beschwörung; heka; schützend; behütet; zauberer; magier; zaubersprüche; zauberspruch; schutzes; beschütze; bewahren; magie; zauberkräften; fischamulett; amulette; zauberreichen; zaubermacht; zaubers; schutzzauber; zaubern; zauberkräfte; schutze; zauberei; schutzwehr; bogenschützen; zaubersprüchen; schutzschild; behüten; schutz der götter; schützenden; amulettschnur; zauberreicher; beschwörungen; zaubermeister; schutzhütte; papyrusamulett; schutzdach; schutzmacht; zaubermächtigen; zauberern; schutzkräfte; schutzzaubers; aufbewahren; schutzamulett; schutz des gottes; abwehrzauber; beschützender; amuletten; beschützerin; magiern; zauberers; abschirmen; knotenamulett; zaubermächtige; amulettes; zauberten; zauberkundige; zauberschutz; schutz des königs; schutzgöttinen; schutzamulette; schutzherrin; zauberkräftigen; abschirmendes; schutzpflanze; schutzmaßnahmen; bannen; schutzamulettes; schutzmauer; schutzmittel; zaubermächtig; schutzschirm; leibesschutz; geleitschutz; amulettschutz; schutzgöttinnen; begräbnisschutz; beschwörungszauber; schutzkraft; schutzwall; schutzamuletts; wasserzauber; schutzkleidung; schutzhütten; schutzband; zauberte; verzaubert,amulet; amulet of protection; apotropaic charm; charm; defend; divine protection; divine shelter; enchant; enchantment; gods safeguard; guard; guarded by the deity; heka; incantation; keep safe; king as protector; kings safeguard; magic; magic spell; magical amulet; magical power; preserve; protect; protected by heaven; protected by the pharaoh; protection; protection of the god; protection of the king; protective amulet; protective charm; ritual magic; royal protection; royal shelter; sacred charm; safeguard; shelter; sheltered by the god; shield; shielding; sorcery; spell; talisman; under protection; under the god's protection; under the kings care; ward off,magical,positive,0.4
healing_medical,heilmittel; krankheit; leiden; salbe; ein anderes heilmittel; werde getrunken; krankheitsauslöser; salben; leidens; arzt; werde gekocht; schmerzen; werde darüber verbunden; verband; werde fein zerrieben; schmerzt; schmerz; werde daran gegeben; werde zerrieben; schmerzhaft; krankheitsauslösern; linderung; werde ausgepresst; rezept; doppelverband; arztes; werde zermahlen; schmerzende; heilmittels; kranken; heilen; erleiden; krankheiten; geheilt; werde zu einer masse gemacht; krankheitsdämon; gelindert; krankheitsdämonen; schmerzflamme; leidend; ausheilen; notleidende; schmerzhafter; lindern; schmerzstoffe; schmerzhafte; leidenden; schmerzlich; salbenkoch; schmerzte; gesund werden; krankheitsdämons; heilmitteln; krankheitsverursacher; schmerzenden; schmerzhaften; krankheitsstoffes; krankheitsdämonin; krankheitsauslöserin; schmerzes; krankheitsauslösers; ausgeheilt; bauchschmerzen; sofortheilmittel; krankheitserreger; leidenschaftslosen; krankheitsfalles; schmerzdämonen; schmerzstoffen; schmerzendem; salber; hautkrankheit; wundsalbe; rezepte; hustenleiden; rezepts; salbenhaus; notleidenden; bekleidender; magenleiden; haarkrankheit; krankheitserregerin; herzschmerzen; heilung; medizinerhandbuch; zahnschmerzen; siegelzylinders; schmerzhaftes; einzukleiden; rezepten; leidenschaftslos; salbenduft; kopfschmerz; krankheitsfall; verbandsstoff; krankheitauslöserin; rezeptur; einsalben; blinder; krankheitbringenden; heilkraut; salbenpriester; verbandes; arznei; krankheitserregers; krankheitsfälle; schmerzensmann; salbenvorsteher,healing; cure; remedy; medicine; medical prescription; recipe; ointment; salve; bandage; dressing; treatment; disease; illness; ailment; pain; suffering; physician; heal; relieve; soothe; potion; symptom; therapy,medical,positive,0.3
execration_curse,vernichtet; vernichten; verfluchen; vernichtung; vernichtete; verflucht; vernichter; vernichte; verwünschungen; verwünschung; restvernichter; verfluchte; vernichtens; vernichtenden; verwünscht; vernichteter; vernichtest; bedrohung; fluch; fluchfiguren; verfluchten; fluches; vernichtende; vernichterin; vernichtern; fluchen; vernichtend; vernichtender; bedrohungen,accursed; curse; cursing; damn; evil wish; execration; ill omen; imprecation; malediction; threat,magical,negative,-0.7
divine_myth,horusauge; entstanden; sonnenscheibe; erschaffen; udjat; goldhorus; wennefer; onnophris; phönix; nachtbarke; horusauges; zerstückelt; erschuf; horusdiener; horuskinder; selbstentstandenes; horusgeleit; schöpfer; am anfang; horusthron; horusdieners; selbstentstandene; urgewässer; udjatauge; zerstückeln; horusgefolge; sonnengottes; zerstückelten; benu; gezeugt von; horusgeleits; sonnengott; horusaugen; thronfolger; horusweg; horuswegen; entstandenen; goldhorusse; entstandene; sonnenaufgang; entstandenes; schöpfung; zerstückelung; zerstückelte; udjataugen; erschufen; urhügel; selbstentstandenem; horusblick; sonnenbarke; entstandener; horusse; horussöhnen; sonnenaufgangs; sonnenuntergangs; rächer seines vaters; horusweges; erschaffens; horuswege; udjatauges; horussauge; wasserschwallschöpfer; horuskindern; geburt des gottes; horusgötter; horusblickes; horusfalke; selbstentstandenen; erschufst; sonnenbarken; oosiris; schöpfers; horusdienerschaft; gottesgeburten; entstandenem; horusname; osiristempels; osirisriten; selbstentstandener; zerstückelnder; gottesgeburt; horussöhne; erschaffener; sonnenscheiben; urhügels; thronfolgers,myth; creation myth; solar myth; Osiris myth; Horus myth; divine birth; primeval; the eye of Horus; self-created; came into being; creator; creation; dismembered; sun barque; primeval waters; phoenix; benu; cosmogony; mythic narrative,mythological,neutral,0.1
prophecy_oracle,prophet; propheten; verkünden; orakel; prophezeit; vorhersagten; künden; prophetenvorsteher; kündend; orakels; prophetin; prophezeiung; weissagung; vorhersage; orakelspruch; weissagen; prophezeien; zukunftsdeutung; götterbescheid; orakelfrage; vorzeichen; omen,consult the oracle; divination; divine pronouncement; divine verdict; foresight; foretell; foretelling; gods decision; oracle; oracle of the god; oracular answer; oracular decree; prediction; proclaim; prophecy; prophesy; prophetic; prophetic answer; seers vision; soothsaying,cultic_religious,neutral,0.0
blessing_wish,heil; gesundheit; schönen; schön; zufrieden; frieden; kraft; gesund; mächtig; vollkommen; schöne; vollkommenheit; wohlergehen; stark; schönheit; vollkommenen; stärke; vollkommene; unversehrt; schönes; gedeihen; schöner; vollkommener; mächtiger; starken; starke; starker; zauberkraft; ruhen; füllen; ruhe; vollkommenes; mächtigen; fülle; prächtigen; zufriedenstellen; mächtige; schönem; zufriedenstellt; zufriedengestellt; erfüllen; mächtigkeit; reichtum; reichlich; zufriedenheit; beruhigt; stärker; wirkungsmächtig; zufriedener; überfluss; bemächtigt; befriedet; stärken; schöngesichtige; bemächtigen; wasserfülle; ruhig; starkem; gewaltig; gedeihe; zufriedenstellend; prächtig; gedeiht; gewaltigen; ruhebett; überfülle; verschönern; friedens; wohlergehens; vollkommenem; ruheplatz; zufriedenzustellen; gedeihend; schöngesichtiger; bevollmächtigter; armeskraft; mächtigem; bemächtige; gesunden; zufriedenstelle; wirkungsmächtigkeit; armkraft; zufriedene; wirkungsmächtigen; lebenskraft; überflusses; im überfluss; lautstärke; erfülle; zufriedenen; gewaltigem; befrieden; starkes; befriedete; schöngesichtigen; beruhigen; ruhigem; unversehrten; verschönert; prächtige; ruhigen; ruhestätte; wohlstand; unversehrtem; gedeihender; prächtiges; unversehrter; bemächtigte; wirkungsmächtiges; zufriedenstellte; füllens; führungskraft; kraftvollen; wirkungsmächtiger; reichtums; zaubermächtigen; kraftvoll; wunderschönen; kraftreicher; gewaltige; mächtigster; wirkungsmächtige; abwehrkraft; unversehrte; tatkraft; gesundung; ruhenden; siegeskraft; armstarken; überreichlich; prächtiger; gewaltigkeit; schönheiten; aufblühen; ruhet; großmächtiger; segensreich; herzenszufriedenheit; armstarke; gedeihenden; gedeihende; erblühend; starkarmigen; zeugungskraft; beruhigend; zufriedenstellst; reichlichen; lebenkraft; anmut; blühende; zufriedenstellende; friede; verschönerung; bestärken; ruhige; zufriedenstellendes; mächtigste; beruhigung; unversehrtheit; zaubermächtige; stärkeren; beruhigtheit; lautstarkem; ruhend; füllend; kornfülle; gewaltiger; gesunder; palastschönheiten; ruhebettes; glückwunsch; zufriedenstellung; bemächtigten; blühen; befrieder; großmächtigen; anmutsvoller; verschönen; üppig; ruhendem; wiedererstarken; ruheort; wunderschöner; ruhebetten; beruhige; schöngesicht; gewaltiges; armgewaltigen; gesundet; blühendem; schöngestaltiger; erblühender; angedeihen; beruhigens; reichlicher; zufriedenstellenden; unversehrtes; friedensjahren; stimmgewaltige; füllender; ruhest; mächtiges; zufriedenstellens; schönhändig; befrieders; zaubermächtig; körperkraft; ruheschrein; kraftvoller; kraftvolle; zufriedenstelt; beruhigende; mächtigsten; gesundmachende; stimmgewaltig; stärkende; wunderschön; ruhebetts; prächtigem; lautstark; befriedens; schutzkraft; gedeihenlassen; starksinniger; aufsichtskraft; blühender; gesundheitszustand; reichliche; anmutigen; starkarmige; wohlstands; gedeihst; gesundmachen; bevollmächtigers; schöngestaltet; bevollmächtigung; ruhebretter; ruhem; befriedeten; ermächtigung; befriedest; gedeihens; ruhestätten; üppiges; blühend; ruhendes; erstarkte; ruhende; kraftmoment; ruhelager; zufriedenem; ruhestandes; starkarmiger; ruhiger; beruhigte; segnende; ruhens; herzensfrieden; mächtigere; gesunde,abundance; abundance and wealth; abundance of food; abundant provisions; affluence; beautiful; beauty; benediction; bestowed blessing; blessed; blessing; bounty; calm; comeliness; fairness; flourish; flourishing; force; good health; graceful; gracefulness; harmony; health; healthy; in good health; intact; life and health; loveliness; might; mighty; nefer; overflowing; peace; peace and quiet; peaceful; perfect; perfection; physical strength; plentiful; plenty; power; powerful; profusion; prosperity; prosperous; prowess; quietude; riches; serenity; sound; sound body; soundness; splendor; state of peace; strength; strong; success; thrive; thriving; tranquility; vigor; wealth; wealth of goods; well being; well-being; wholesome; words of blessing,well_wishing,positive,0.7
ritual_recitation_rubric,spruch; rezitation; zu rezitieren; worte sprechen; spruch für; werde gesprochen; rezitation viermal; auftragen viermal; darbringen viermal; rubrik; ritualanweisung; vortragen; rezitieren; spruchfolge; rezitationstext; anweisung; formel sprechen,recitation; words to be spoken; spell; utterance; rubric; recite; to be said; magical spell; spoken formula; pronouncement; chapter; what is recited; recite the spell; rubric instruction; utter the formula; liturgical instruction,cultic_religious,neutral,0.0
funerary_offering_formula,versorgte; gerechtfertigt; totenpriester; totenopfer; versorgter; gerechtfertigte; versorgten; ehrwürdigkeit; gerechtfertigten; ehrwürdigen; ehrwürdige; versorgt; ein königsopfer; versorgtheit; totenopfers; totenpriesterin; gerechtfertigter; ehrwürdiger; totenpriesters; wohlversorgt; dertotenpriester; wohlversorgten; ein opfer das der könig gibt; ehrwürdiges; totenopfern; totenpriesterphyle; altehrwürdigen; königstotenopfer; totenpriestern; wohlversorgter; opferformel; stiftungstotenpriester; wohlversorgte; imachu; alletotenpriester; imach; altehrwürdig; versorgtem; speisung des toten; altehrwürdiger,an offering which the king gives; feed the deceased; food for the deceased; funerary offering; funerary text; hetep di nesu; htp-di-nesut; invocation offering formula; justified; ka-priest; mortuary formula; mortuary offering; offering for the dead; offering formula; offerings to the spirit; provisioning the dead; revered one; true of voice,funerary,neutral,0.2
funerary_transfiguration,erwachen; verklärung; verklärungssprüche; verklärt sein; verklärt werden; wiederbelebt; aufersteht; verklärt; verklärungsspruch; achwerdung; verklärter; verklärte; verklärungstexte; herrlichkeit; verklärungsritual; zum ach werden; geist werden,awakening of the dead; becoming a blessed spirit; becoming an akh; come forth; coming back to life; glorification; glorification of the dead; journey of the soul; journey to the afterlife; new life; nightly journey; passage through duat; passage through the duat; raised from death; raising the dead; rebirth after death; resurrection; revival; revive; rise again; spell of transfiguration; spiritualization; transfiguration; transformation in the afterlife; travel to the west; voyage of the dead,funerary,positive,0.4
negative_confession,ich habe nicht; halle der beiden maat; ich habe kein unrecht getan; sündlosigkeit; unschuldsbeteuerung; reinheitserklärung; schuldlos; vergehen; sünde; frevel; ich habe nicht getötet; ich habe nicht gestohlen; ich habe nicht gelogen; ich tat kein unrecht; zweiundvierzig richter; halle der beiden wahrheiten,confession before the gods; declaration of innocence; forty two judges; forty-two judges; hall of two truths; i have done no wrong; i have not sinned; negative confession; protestation of innocence; i have not stolen; i have not killed; i did no wrong,funerary,neutral,0.1
funerary_judgment,gerechtfertigt; gerichtshof; richten; gerichtet; waage; gericht; richtens; gerechtfertigter; gerichtshofes; handwaage; gerichtshöfe; urteil; standwaage; gerichtshalle; beurteilt; gerichtshofs; gerichtskollegium; rechtfertigen; urteilt; richtenden; totengericht; hingerichtet; beurteilen; richtend; verurteilt; gerechtfertigen; urteilsspruch; gerichteten; gerichtsbehörde; hinrichten; gerichtsverfahren; gerichtshöfen; gerichtsentscheides; gottesurteil; gerichts; geurteilt; gerichtes; gerichtsvorsteher; urteilen; urteilsfähig; gottesgericht; urteilte; gerichtsversammlung; abgeurteilt; gerichtshallen; gerichtsparteien; zukunftsgericht; hingerichteten; gerichtsentscheidung; gerichtshäuser; gerichtsurteil; hinzurichtende; verurteilung,acquit; acquitted before the tribunal; declared righteous; divine judgment; hall of judgment; heart on the scales; judgment; judgment of the dead; judgment scene; justified; maa-kheru; psychostasia; tribunal; true of voice; verdict; vindicated; weighing against maat; weighing of the heart; weighing of the soul,funerary,negative,-0.1
mummification_preservation,natron; balsamierer; mumie; balsamierungsstätte; balsam; balsamierungshalle; balsamierers; mumien; balsamierungsstätten; mumienbinden; balsamierung; balsamierern; mumienhülle; balsamierungszelt; mumifizierung; natronreinigung; einbalsamiert; einwickeln; balsamierungsöl; balsamiert; mumienbinde; mumiengestaltigen; natronkristalle; natrons; natronkorn; natrondoppelportion; einbalsamierung; natronpulver; natronnapf; natronarbeitern; natronhauses; natronportionen; anubisbalsamierer; mumienmaske; natronportion; balsamiere; balsamierungshaus; doppelnatronnapf; natronlösung; natronkügelchen; natrontempel; mumifizierens; natronspenden,bandage; bandaging; embalm; embalmers work; embalming; mummification; mummify; mummy; natron; preserve the body; wrapping the dead,funerary,neutral,0.0
opening_of_mouth,mund geöffnet; mund öffnen; mundöffnung; mundöffnungsgerät; mundöffnungs; mundöffnungsrituals; mundöffnungsritual; öffnung des mundes; mundöffnungszeremonie; belebung; wiederbelebung; augen öffnen; sinne öffnen,animate the statue; mouth opening ritual; open the mouth; opening of the mouth; restore the senses; reviving the mummy; ritual of the adze; opening of the mouth ritual; ritual adze; restore breath; reanimation rite; open the eyes,funerary,neutral,0.2
royal_legitimation,majestät; sohn des re; herrscher; leben gegeben; wie re; dem leben gegeben; könig von ober- und unterägypten; herr der beiden länder; herr der kronen; wie horus; geliebt von; herrschers; goldhorus; wie re ewiglich; nebti; beschenkt mit leben; vollkommener gott; geliebt von amun; wie atum; starker stier; wie ein gott; herrscherin; dem ewiglich leben gegeben; geliebt von amun-re; titulatur; mit leben beschenkt; dem leben gegeben sei; geliebt von ptah; herrlichkeiten; geliebt von aton; herrlichkeit; geliebt von re; beherrscher; vereinigung der beiden länder; geliebt von osiris; ewig leben gegeben; guter gott; goldhorusse; herrscherglück; senebtifi; anchnebti; gleich re; horusname; senebtifis; fremdlandherrschers; senebti; senebtif; senebtief; beherrschers; herrscherthron; sennebti; herrscherhaushaltes; qaanebti; fremdlandherrscher; nebtiname; königstitulatur; senebtisi; setibnebti; herrschern; majestätische; berherrscher,as ra; beloved of; beloved of amun; beloved of ra; beloved of the god; beloved of the gods; binding of the two lands; birth name; cherished by; divine nursing; endowed with life; epithet of majesty; favorite of; five names of the king; fivefold titulary; given all life; given life; given life forever; given life like ra; goddess suckling pharaoh; godlike forever; granted life; horus name; king at the breast of the goddess; kings epithet; kings names; life given to him; like a god; like horus; like ra; like the sun god; lord of the two lands; lotus and papyrus knot; loved by; majesty; mighty bull; nesu bity; nursing the king; perfect god; praise name of the king; resembling a god; royal epithet; royal honorific; royal names; royal titles; royal titulary; ruler; sema-tawy; son of re; suckling of the king; throne name; title of the king; unification of the two lands; uniting upper and lower egypt; whom the god loves,royal,positive,0.4
royal_coronation,diadems; königtum; gekrönt; doppelfederdiadem; diadem; thronbesteigung; diademe; krönungsfestes; gekrönten; gekrönte; krönen; krönung; großgekrönter,accession; accession to the throne; ascend the throne; assume the crown; coronation; crowning; crowning of the king; enthronement,royal,positive,0.6
royal_commemoration,gründung; denkmal; mauern; errichtet; errichten; baumeister; gegründet; aufrichten; jubiläumsfestes; bauen; sedfesten; erbaute; sedfeste; jubiläumsfesten; monumente; erbaut; sedfest; monument; errichtete; erbauen; sedfestes; gestiftet; jubiläumsfeste; gründungen; jubiläumsfest; bauarbeiten; herrichtet; denkmalreiche; wohlgegründet; grabmonuments; denkmale; hebsedfesten; monumenten; begründung; herrichten; jubiläum; wohlgegründetes; denkmals; hebsedfeste; monumentes; angestiftet,build; building; building project of the king; building work; ceremonial running with vases; construct; construction; erect; erecting; found a temple; gold of honor; gold of reward; golden collars; heb sed; heb-sed; jubilee; jubilee of the king; kings construction; laying the foundation; masonry; monument; monument erected by the king; raising a monument; renewal of kingship; reward of valor; ritual run of the king; royal building; royal foundation; royal jubilee; royal monument; royal reward; running ritual; sed festival; sed festival run; shebyu collar; stonework; temple built by the king; the king's course; thirty year festival,royal,positive,0.5
royal_decree,befehl; befehle; befehl des königs; anweisung; verfügung; königsbefehl; dekret; erlasse; weisung; erlass; erlassen; gebot; anordnung; verfügungsgewalt; königsbefehls; königsdekret; verfügungsrecht; anordnungen; dienstanordnung; verkündigung; dekrets; götterdekret; verordnung; erlasses; königserlass,announcement; command; command of the king; declaration; decree; edict; herald; instruction; kings order; order; ordinance; proclamation; public notice; royal command; royal decree; royal pronouncement; the command,royal_administrative,neutral,0.1
military_commemoration,heer; heeres; truppen; soldaten; niedergeworfen; triumphiert; krieger; streitwagen; siege; sieg; niederwerfen; heeresabteilung; armee; siegen; truppenoberst; triumph; zum kampf; triumphieren; streitwagens; tribute; sieges; kriegsgefangene; siegreichen; kriegsbeute; triumphierst; neun bogen; triumphierende; siegreich; niederwerfens; elitesoldaten; bogenvölker; besiegt; streitwagentruppe; truppenvorsteher; streitwagentruppen; krieg; tributen; fußtruppen; tribut; feldzug; kriegswaffen; siegreicher; unterworfen; kriegern; kriegsgeschrei; obsiegen; bogenkrieger; kriegsgerät; truppenschreiber; kriegsausrüstung; siegreiche; truppenobersten; heeren; streitwagenkämpfer; unterwerfen; heere; bekriegt; kriegers; kriegsgefangenen; heeressoldat; kampftruppen; streitwagenlenkers; truppenoberste; garnisonstruppen; triumphierenden; truppenchef; siegesschrei; besiegen; armeeschreiber; kriegsgebrüll; heeresvolk; siegeskraft; siegreichem; fußsoldaten; armeeleute; armeedivision; sieghaftigkeit; heeressprecher; heerestruppe; triumphierender; heeresvorsteher; sieghaft; frohlocken über; bogentruppen; niedergeworfener; heerlager; armeeleutnant; streitwagenführer; tributes; truppenschreibers; armeen; heeresabteilungen; heerlagers; tributs; kriegsgefangener; wagenkämpfertruppen; truppenvorstehers; arbeitstruppen; heervorsteher; kriegsschrei; hilfstruppen; kriegsgebrülls; siegeszug; wachtruppen; armeetruppe; armeeschreibers; streitwagenfahrer; truppenangehöriger; truppenbefehlshaber; heeressoldaten; armeetruppen; truppenoberstes; kriegshandwerks; triumphes; heeresschreiber; armeemannschaft; kriegsschiff; soldatenberuf; truppenteile; triumphierte; streitwagenlenker; siegestaten; truppenkommandant; streitwagenteil; streitwagengespann; schlachtruf; triumphator; kriegsruf; streitwagenkorps; asiatenkriegern; kampfruf; unterworfener; streitwagenbedeckungen,army; battle cry; battle shout; bring under control; campaign; celebrate victory; conquer; conquest; crushing rebels; crushing the foe; cry to arms; defeat of enemies; defeat of the rebels; defeat the enemy; domination of enemies; expedition; expeditionary force; exult over; exultant triumph; foes beneath the feet; glorious victory; march to war; military campaign; military expedition; military victory; nine bows; nine enemies; prevail; rallying cry; rout of enemies; shout of war; slaying the foe; smiting the enemies; striking down enemies; subdue; subduing foreign foes; subjection; subjugate; subjugated peoples; subjugation; success in war; the nine bows; to battle; traditional enemies of egypt; trampling the foes; tribute; triumph; triumph in battle; triumphal; triumphant return; troops; vanquish; victorious king; victory; victory celebration; victory parade; war; war campaign; war cry; war shout; won the battle,royal_military,positive,0.2
peace_treaty,zufrieden; frieden; zufriedenstellen; zufriedenstellt; zufriedengestellt; zufriedenheit; zufriedener; befriedet; zufriedenstellend; friedens; vertrag; zufriedenzustellen; zufriedenstelle; zufriedene; zufriedenen; befriedete; befrieden; zufriedenstellte; vertrages; zufriedenstellendes; zufriedenstellst; herzenszufriedenheit; vertrags; zufriedenstellende; kaufvertrag; friede; zufriedenstelt; befriedest; befriedeten; befriedens; zufriedenstellung; zufriedenem; befrieder; zufriedenstellenden; friedensjahren; zufriedenstellens; befrieders; herzensfrieden,alliance; make peace; pact; peace; peace accord; peace agreement; peace treaty; sworn peace; treaty; treaty of friendship,royal_administrative,positive,0.5
legal_transaction,urkunde; hausurkunde; erwerben; vertrag; urkunden; vermächtnis; vertrages; urkundenschreiber; kaufpreis; kaufleute; gekauft; angekauft; besitzübertragungsurkunde; kaufte; ernennungsurkunde; vertrags; kaufvertrag; verkauft; urkundenschreibers; verkaufen; ware; übereignet; kaufen; privaturkunde; beschenkung; testamentsurkunde; versorgungsurkunde,contract; sale; purchase; deed; legal document; transfer of property; conveyance; bequest; will; testament; endowment deed; buy; sell; acquire; ownership; price; transaction; legal agreement; title deed,administrative_legal,neutral,0.0
legal_complaint_trial,gerichtshof; vergehen; gerechtigkeit; richter; gerechten; gericht; klage; bestrafen; klagen; zeuge; zeugen; das recht; strafe; klageweib; gerichtshofes; prozessieren; gerichtshöfe; gerecht; gesetze; bezeugen; anklage; gesetz; gerechte; urteil; gerichtshalle; gerechter; gesetzen; klagefrauen; klagefrau; schiedsrichter; beklagen; beurteilt; gerichtshofs; richterkollegium; prozessionen; klagenden; gerichtskollegium; urteilt; prozessiert; aufgerichtetem; klagegeschrei; bestrafe; totengericht; klageschrei; beklagenswert; hingerichtet; hergerichtet; bezeuge; beurteilen; klageschreie; erzeuge; klagens; schreibzeuges; prügelstrafe; bestattungsprozession; klageweiber; überzeugen; verurteilt; ausgerichtet; gerechtfertigen; richtern; richterkollegiums; zugerichtet; richterlich; prozessierte; vergehens; klagend; prozessionsstatue; strafenden; prozessgegner; richters; gerichtsentscheides; zeugenaussage; prozessiere; prozessionsbarken; prozessionswagen; gerichtshöfen; gottesurteil; anklagen; gerichteten; beschuldigt; marterwerkzeuges; gerichtsverfahren; urteilsspruch; gerichtsbehörde; aufrichterin; prozess; ausrichter; beschuldigung; verordnung; urteilte; zukunftsgericht; werkzeugen; beklagens; oberrichter; gerichtsvorsteher; strafend; gottesgericht; vergehendem; hingerichteten; berichterstatter; gerichtsurteil; prozessierst; verurteilung; klageweibes; gerichts; geurteilt; gerichtes; urteilen; klagender; verhandlung; wehklagend; gerichtsversammlung; abgeurteilt; gerichtshallen; wehklagenden; gerichtsentscheidung; hinrichter; gerichtshäuser; weheklagen; erzeugender; zeugenden; aufgerichtete; flussprozession; prozessions; prozessgegnern; urteilsfähig; werkzeuge; augenzeuge; gerichtsparteien; prozessionsgestalt; gesetzes,court; tribunal; judge; lawsuit; legal complaint; trial; verdict; judgment; witness; accusation; charge; sentence; punishment; law; statute; justice; litigation; plaintiff; defendant; offense; legal dispute,administrative_legal,negative,-0.4
boundary_demarcation,grenzsteine; abgrenzung; abgrenzen; grenzstelen; abgrenzt; grenzmarke; grenzsteinen; grenze; grenzstein; grenzstele; grenzmarkierung; gebietsgrenze; landgrenze; grenzziehung; grenzfestlegung; feldgrenze; grenzverlauf; markierung,boundary; border; boundary stela; boundary marker; landmark; demarcation; field boundary; territory limit; border stone; mark out land; delimitation,administrative_legal,neutral,0.0
inventory_accounting,amt; abgaben; arbeitsverwaltung; verwaltung; abrechnung; steuern; zählung; verwaltungen; abgabe; nekropolenverwaltung; tribute; magazinverwaltung; steuer; scheunenverwaltung; steuereintreiber; tributen; verwaltungsleiter; tempelverwaltung; tribut; inventar; behörde; getreidezählung; wirtschaftsverwaltung; staatsverwaltung; besteuern; provinzverwaltung; verwaltet; verzeichnis; aufzählung; abgabenpflichtig; erzählung; speiseverwaltungen; rindersteuer; verwaltungsbeamten; steuerruderleine; erntesteuer; speiseverwaltung; besteuert; opferverzeichnis; rinderabgabe; palastverwaltung; bilanz; pflichtabgabe; pflichtabgaben; gerichtsbehörde; tempelinventarbuch; fronarbeit; verwaltungsbeamte; viehsteuer; rechnungsschreiber; zählungen; arbeitsabrechnung; steuerabgabe; verzeichnisse; steuerbordseitige; rechnungsanteils; zusteuern; steuerbords; abgabenträger; schatzhausverwaltung; abrechnungen; steuerliste; steuerhalterung; register; saatkornabgabe; steuerstrick; tributes; steuererhebung; tributs; fronarbeiterinnentruppe; verwaltungsvorsteher; erntesteuern; ortsverwaltung; rechnungs; gesamtabrechnung; besteuerten; steuerbordseitig; aufsichtsbehörde; inventars; verwaltungsleiters; rechnungshof; lebensmittelabgabe; steuerbeamten; schlußabrechnung; inventarliste; abgabenzahlung; obersteuermann; rechnungsbeamter; abgabepflichtigen; behörden; erzählungen; geflügelverwaltung; verwaltungsbezirk; steuere; abgabenverpflichtung; steuerschätzung; verwaltungsbüros; verwaltungseinheit; steuerrudern; steuerzahlergemeinschaft,inventory; account; accounting; reckoning; census; tax; taxes; dues; tribute; register; list; ledger; assessment; tally; stocktaking; cattle census; grain count; levy; record of goods; administration,administrative,neutral,0.0
expedition_record,expedition; inu; tribut; steinbruch; expeditionsvorsteher; gaben der fremdländer; expeditionsleiter; bergwerksarbeiter; bergwerk; abgaben der fremdländer; expeditionsteilnehmer; abbaugebiet; steinbruchs; expeditionsheeres; bergwerksarbeitern; abbauens; bergwerksregion; bergwerksarbeit; grabbauer; expeditionzüge,expedition; mining expedition; trading expedition; quarry; mine; quarrying; trade mission; caravan; expedition leader; bringing tribute; foreign goods; mining region; produce; inu-tribute,administrative,neutral,0.1
annals_regnal_dating,regierungsjahr; annalen; datierungsformel; regierungsjahrs; königsjahr; thronbesteigung; unter der majestät; jahreszählung; regierungszeit; herrscherjahr; datierung; thronjahr; im jahre; jahr der herrschaft,regnal year; year of reign; dating; annals; chronicle; date formula; reign of; in the year; accession year; historical record; year count; reckoning of years,administrative,neutral,0.0
astronomical_calendrical,neujahrstag; jahreszeit; jahresanfang; achet; finsternis; peret; schemu; überschwemmungszeit; neumondfest; neujahrsfest; überschwemmungsjahreszeit; vollmondfest; jahresanfangsfest; jahresanfangs; winterjahreszeit; neumondstag; sommerjahreszeit; jahreszeiten; unglückstag; sternbild; neujahresfest; neujahrestagsfest; peretzeit; neumondfestes; jahreszeitenfesten; schemuzeit; neumondes; neujahrsfestes; neujahrsanfangsfesten; vollmondfestes; jahreszeitenanfängen; jahresanfangsfesten; neujahrstagfest; neumondstages; neujahrsanfangsfest; vollmond; neujahrsfests; neujahrstages; neujahrs; aussaatzeit; finsternist; jahresanfangfeste; neumondsfest; jahreszeitenfeste; neujahrstagen; achetzeit,calendar; season; new year; inundation season; akhet; peret; shemu; eclipse; new moon; full moon; lunar festival; star; constellation; decan; lucky day; unlucky day; calendrical; astronomical observation; lunar day,scientific,neutral,0.0
autobiographical,lebenszeit; geliebt von; vortrefflich; trefflich; trefflicher; tüchtig; trefflichen; ich war ein; meiner stadt; vortrefflichen; vortrefflicher; vortreffliche; rechtschaffen; nackten; tüchtiger; treffliche; hungrigen; tüchtigkeit; vortrefflichkeit; ich gab brot; brot dem hungrigen; kleidung dem nackten; treffliches; vortrefflichem; trefflichkeit; tüchtigen; trefflichmachens; vortreffliches; rechtschaffenheit; durstigen; rechtschaffener; tüchtige; rechtschaffender; allertüchtigster; rechtschaffene; rechtschaffenen; wohltäter,autobiography; self-presentation; ideal biography; I was; I did; I made; my deeds; gave bread to the hungry; clothes to the naked; excellent; virtuous; righteous; benefactor; lifetime; account of life; tomb biography; career; my virtue; loved by his town,literary_commemorative,positive,0.3
appeals_to_living,vorbeigehen; vorübergeht; vorbeigeht; vorübergehender; vorübergehen; vorbeigehe; vorbeigehst; vorübergehe; vorbeigehenden; vorübergehst; vorübergehende; vorübergehens; vorbeigehend,appeal to the living; o you who live; you who pass by; o passerby; address to the living; whoever passes; you who shall come; call to visitors; as you love life; recite the offering formula for me,funerary_literary,neutral,0.1
didactic_wisdom,weise; wahrheit; lehre; wahrhaftig; weisen; rat; klug; weisheit; weiser; aufrichtigkeit; ratschlag; aufrichtig; lehrer; lehren; belehren; erziehungslehre; klugen; belehre; verständig; vorschriften; vorschrift; einsicht; klugheit; verständiger; kluger; wahrhaftiger; unterweisung; gelehrt; aufrichtigem; wahrheiten; gelehrten; belehrung; weisheitslehren; verständige; kluge; aufrichtiger; wahrhaftigen; klugem; brieflehre; wahrheitsgehalt; aufrichtigen; belehrungen; aufrichtigste; weisester; verständigen; lebenslehre; gelehrte; weiseste; unterweisungen; kapellenvorschriften; wahres wort; torheit; lebenslehren; wahrhaftiges; wahrheitssuchend; wahrhaftigkeit; beratschlagung; gelehrter; beratschlagen; verständigem; weisheiten; lehrers; weisem; beratschlagungen,wisdom; instruction; teaching; maxim; precept; counsel; advice; sage; wise; truth; rightness; proverb; admonition; moral instruction; teaching of; words of wisdom; prudence; insight; folly; discipline,literary,positive,0.3
love_poetry,geliebter; geliebte; liebe; geliebt; liebling; geliebten; lieben; lieblingsort; liebenswürdigkeit; sehnen; gottesgeliebte; lieber; sehnsucht; vorliebe; verlangen; liebendem; liebster; lieblingsplatz; begehren; zuliebe; liebreizende; lustbarkeit; liebender; vielgeliebter; lieblings; lieblingsortes; gottgeliebte; liebreiz; liebenswertes; liebenden; zuneigung; lust; liebeskummer; liebenswürdiger; gottgeliebten; liebende; geliebtheit; vielgeliebte; herbeizuwünschen; liebesreicher; lieblingen; geliebtem; gottesliebling; gottesgeliebter; liebeshöhle; geliebtes; götterliebling; liebenswürdige; vielgeliebten; lieblingsweg,love poetry; love song; beloved; lover; longing; desire; yearning; sweetheart; love sickness; charm; affection; my sister; my brother; tenderness; passion; love; adore; embrace of love,literary_emotional,positive,0.8
letter_correspondence,sei gegrüßt; mitteilung; o du; brief; seid gegrüßt; grüße; heil dir; briefes; nachricht; briefe; mitteilungsschreiben; gegrüßt seist du; begrüßung; gruß; brieflehre; briefschreiber; briefeschreiber; briefen; briefeschreibers; mitteilungen; brieflich; briefträger,letter; correspondence; message; dispatch; missive; note; greeting; communication; report to; news; messenger; reply; address; dear; epistle; written to; sender; recipient,correspondence,neutral,0.0
satire,geschmäht; verspotte; schmähen; verschmähen; schmäht; verspottet; verspotten; schmährede; schmähung; schmähender; verspotteten; lächerlich; schmähten; lächerlicher; schmähte; verspottest; verhöhnten,satire; mockery; ridicule; derision; scorn; lampoon; sarcasm; taunt; jeer; deride; mock; ironic; make fun of; satirical,literary_emotional,negative,-0.2
oath_vow,gelobt; gelobte; eid; eides; schwur; geschworen; schwören; schwöre; gelöbnis; versprechen; geloben; eidesleistung; gelübde; eidformel; beteuerung; feierliches versprechen; beim leben des königs,oath; vow; swear; swearing; sworn statement; solemn promise; take an oath; by the life of; pledge; swear an oath,legal_religious,neutral,0.1
joy,zufrieden; jubelt; freude; jubel; jubeln; herzensfreude; erfreuen; jauchzen; freuen; zufriedenheit; frohlocken; fröhlich; jubelte; fröhlichkeit; jubelnd; zujubeln; frohlockt; jubels; jubelgeschrei; jubelten; fröhlichem; heiter; herzenfreude; bejubeln; jubelnden; jubele; jauchzt; erfreuenden; frohlockte; gejubel; jubelnde; frohsinn; heiterkeit; bejubelten; fröhliche; gejubelt; zujauchzen; herzenszufriedenheit; jubelschrei; freudevoll; jauchzend; jauchzenden; frohlockend; erheiterung; herzensjubel; jauchzens; jubellied; erheitert; freudengeschrei; jubelfeld; festfreude; bejubelter; gelassenheit; jubelreden; gesundheiterschafft; befriedigung; jubelrede; gescheitert; bejubelte; fröhlichen; jubelns; freuden; freudentaumel; frohlocke; frohlockung; jubelsong; erheitern; freuend; freudenmädchen; jubelst; scheiterst; bejubelt; zugejubelt; erfreuend; jubelstimmung; gesundheiterheben; erfreuende; gesundheiter; jauchzten,joy; rejoice; gladness; happiness; jubilation; exult; delight; cheer; merriment; glad; happy; jubilant; contentment; bliss; mirth; elation,emotional,positive,0.9
lamentation_mourning,leidet; leiden; elend; elende; weinen; trauer; elenden; leidens; schmerzen; leid; kummer; klage; leidest; klagen; schmerzt; schmerz; weint; weinte; einsamkeit; klageweib; schmerzhaft; wehklagen; beweint; betrübt; beweinen; elender; schmerzende; klagefrauen; beweinte; jammern; klagefrau; beklagen; klagenden; schmerzflamme; leidend; trauern; geweint; weinten; schmerzhafter; klagegeschrei; schmerzstoffe; herzenskummer; einsam; klageschrei; beklagenswert; schmerzhafte; leidenden; schmerzlich; leidvollen; klageschreie; klagens; schmerzte; alleinsein; leide; trauerhaltung; klageweiber; trauerfrisur; leidabwender; gram; schmerzenden; schmerzhaften; trauerte; elendes; schmerzes; klagend; beweinten; bauchschmerzen; anklagen; getrauert; liebeskummer; schmerzdämonen; schmerzstoffen; schmerzendem; elends; weinend; betrauert; leidvollem; elendig; verlassen sein; trauernden; kummervolles; kummers; beklagens; betrauerung; trauerten; herzschmerzen; zahnschmerzen; verelendung; trauernder; schmerzhaftes; trauernde; trauergesicht; elendigen; weinenden; kopfschmerz; klageweibes; klagender; wehklagend; betrübten; wehklagenden; leidvoll; weheklagen; leids; schmerzensmann; leidvolles; leides; trauerfeier; weinens,lamentation; mourning; grief; weeping; wailing; sorrow; lament; bewail; tears; grieving; sadness; dirge; funeral lament; loneliness; bereavement; mourn; anguish,emotional,negative,-0.8
fear,furcht; schrecken; zittern; fürchten; angst; furchtbarkeit; ehrfurcht; schreckens; fürchtet; erschrecken; fürchtete; fürchte; furchtsamen; entsetzen; schreckensgestalt; ehrfürchtig; fürchtest; erzittern; zitterns; entsetzt; fürchtend; furchtsam; ehrfurchtsvoll; gefürchtet; furchtbar; furchterregende; fürchteten; zitternlassen; furchterregenden; schreckenerregenden; schreckensherr; grauen; zitternder; erschreckens; zitternd; furchteinflößender; heuschreckenfeldes; erschreckt; angsterfüllt; schreckenerregendste; erfurcht; heuschreckenfelde; gefürchtete; befürchten; abzuschrecken; erzitternlassen; schreckensherrn; befürchtet; fürchtiger; erschreckender; fürchtenden; furchterregender; erschreckendste; todesangst,fear; terror; dread; fright; afraid; tremble; trembling; horror; awe; alarm; panic; frightened; terrified; fearful; dismay; reverence,emotional,negative,-0.7
anger,wütend; zorn; wut; grimmig; wütenden; wüten; wütens; zornig; zürnen; grimmigen; wütender; zornesröte; grimmige; zornigen; zorns; wütendes; wütende; zornes; grimmiger; wutanfall; tewut; erzürne; grimmigkeit; wutgesicht; wutgesichtige; zerstörungswut; grimms; zornherzigen; erdenwütens; zürnende,anger; wrath; rage; fury; ire; angry; furious; enraged; indignation; incensed; outrage; grim anger,emotional,negative,-0.7
pride_boast,brüsten; prahlen; prahlerei; rühmen; hochmut; prahle; stolz; prahlt; prahlerischer; prahlerisch; ruhm; großtaten; selbstlob; überlegenheit; unübertroffen; einzigartig; ohnegleichen; ruhmestaten; angeberei; meine taten; ich bin größer,pride; boast; boasting; vaunt; brag; arrogance; haughtiness; self-praise; conceit; vainglory; proud; boastful; unrivalled; without equal; glorify my deeds,emotional,positive,0.6
complaint_grievance,unrecht; elend; elende; elenden; wehklagen; bedrängnis; beschwerde; elender; bedrängten; bedrängt; unrechts; jammer; jammern; bedrängen; wehklagten; unrechtmäßig; notlage; jammert; elendes; gejammer; bejammern; altersbeschwerde; unrechttuenden; bedränge; elends; jammervoll; unrechten; elendig; unrechttätern; unrechte; verelendung; unrechter; wehklagend; unrechtes; unrechterweise; bedrängte; elendigen; wehklagenden; unrechtmäßigem; jammerte; unrechtem; bejammere,complaint; grievance; distress; misery; wretchedness; hardship; injustice; oppression; affliction; bewailing; plea of distress; misfortune; woe; suffering,emotional,negative,-0.6
celebration_festival,geleitet; geleiten; tanzen; tanz; harfe; festlich; tänzer; festopfer; prozession; feiern; feiere; geleites; gefeiert; horusgeleit; feiert; flöte; festtag; prozessionsbarke; tänzerinnen; geleit; horusgeleits; prozessionen; musizieren; geleiterin; sistrum; musikanten; festtagsöl; festtagen; bestattungsprozession; musik; feier; harfner; feiertag; geleitest; laute; jahresfestopfer; festopfers; geleiter; prozessionsstatue; jahresfestopfers; feierte; prozessionswagen; prozessionsbarken; geleitschutz; feierlich; geleitete; flussprozession; prozessions; festlichen; gelage; feiernden; umzuges; feierten; prozessionsgestalt; feierlichkeiten; festopfern; festlicher; geleite,festival; feast; celebration; procession; jubilee; festive; banquet; music; dance; merrymaking; rejoicing; revelry; festival day; cultic festival,emotional,positive,0.8
